{
  "algo": "rbm",
  "episode_savings": [
    6498.339494767461,
    10519.991956171083,
    1022.9850909070489
  ],
  "total_savings_gbp": 18041.316541845594,
  "total_ess_loss_gbp": 349.1233882065213,
  "adjusted_savings_gbp": 17692.193153639073,
  "ess_loss_pct": 1.935132546434478,
  "elapsed_s": 0.14156866073608398,
  "seed": 42
}