{
  "algo": "maddpg",
  "episode_savings": [
    857647.4844599379,
    847006.9496482214,
    857841.1882906075,
    865595.3170015815,
    852399.7559292782,
    834271.3347385693,
    853372.4511046069,
    843532.9791306236,
    854511.2897893854,
    867325.9262176527
  ],
  "total_savings_gbp": 8533504.676310465,
  "total_ess_loss_gbp": 111.98353547327882,
  "adjusted_savings_gbp": 8533392.69277499,
  "ess_loss_pct": 0.0013122807067083707,
  "elapsed_s": 377.07345938682556,
  "seed": 42
}