{
  "algo": "maddpg",
  "episode_savings": [
    854701.7314440864,
    858771.3079011942,
    851647.9749649086
  ],
  "total_savings_gbp": 2565121.0143101895,
  "total_ess_loss_gbp": 33.58539564098723,
  "adjusted_savings_gbp": 2565087.4289145484,
  "ess_loss_pct": 0.0013093103777023552,
  "elapsed_s": 69.18068075180054,
  "seed": 42
}