{
  "algo": "ddpg",
  "episode_savings": [
    624744.4512171849,
    300600.3157650673,
    248588.60332499593
  ],
  "total_savings_gbp": 1173933.370307248,
  "total_ess_loss_gbp": 300.4337349518679,
  "adjusted_savings_gbp": 1173632.9365722963,
  "ess_loss_pct": 0.0255920602097917,
  "elapsed_s": 25.07626485824585,
  "seed": 42
}